# Flattening texture basename renames, 1.12.2 to current.
#
# Format: KIND<TAB>OLD_BASENAME<TAB>NEW_BASENAME    KIND is block or item.
# Names carry no directory and no extension. The blocks/ to block/ and items/ to item/
# directory move is applied separately, so only the basename appears here.
#
# Derived from the 1.12.2, 1.13, and 26.2 client jars by two independent methods:
#   - identical PNG content across the 1.13 boundary, which proves a pair outright
#   - the texture a vanilla model names, before and after, for art that also changed
# The two agreed on 250 of the 251 pairs they both produced. The one disagreement,
# tallgrass, was settled on content: its pixels are byte-identical to grass.
#
# Every row is then checked against the 26.2 jar: the old basename must be gone and the
# new one must exist. Five textures were renamed a second time after 1.13 and are chained
# to their current name, so a pack lands on what the game actually ships:
#   quartz_block_lines -> quartz_pillar -> quartz_pillar_side
#   tallgrass -> grass -> short_grass
#   dye_powder_{green,red,yellow} -> {cactus_green,rose_red,dandelion_yellow} -> {green,red,yellow}_dye
#
# Regenerate with scripts/harvest-flattening-textures.py.
# 413 renames: 305 block, 108 item.
block	anvil_base	anvil
block	anvil_top_damaged_0	anvil_top
block	anvil_top_damaged_1	chipped_anvil_top
block	anvil_top_damaged_2	damaged_anvil_top
block	beetroots_stage_0	beetroots_stage0
block	beetroots_stage_1	beetroots_stage1
block	beetroots_stage_2	beetroots_stage2
block	beetroots_stage_3	beetroots_stage3
block	brick	bricks
block	carrots_stage_0	carrots_stage0
block	carrots_stage_1	carrots_stage1
block	carrots_stage_2	carrots_stage2
block	carrots_stage_3	carrots_stage3
block	cobblestone_mossy	mossy_cobblestone
block	cocoa_stage_0	cocoa_stage0
block	cocoa_stage_1	cocoa_stage1
block	cocoa_stage_2	cocoa_stage2
block	comparator_off	comparator
block	concrete_black	black_concrete
block	concrete_blue	blue_concrete
block	concrete_brown	brown_concrete
block	concrete_cyan	cyan_concrete
block	concrete_gray	gray_concrete
block	concrete_green	green_concrete
block	concrete_light_blue	light_blue_concrete
block	concrete_lime	lime_concrete
block	concrete_magenta	magenta_concrete
block	concrete_orange	orange_concrete
block	concrete_pink	pink_concrete
block	concrete_powder_black	black_concrete_powder
block	concrete_powder_blue	blue_concrete_powder
block	concrete_powder_brown	brown_concrete_powder
block	concrete_powder_cyan	cyan_concrete_powder
block	concrete_powder_gray	gray_concrete_powder
block	concrete_powder_green	green_concrete_powder
block	concrete_powder_light_blue	light_blue_concrete_powder
block	concrete_powder_lime	lime_concrete_powder
block	concrete_powder_magenta	magenta_concrete_powder
block	concrete_powder_orange	orange_concrete_powder
block	concrete_powder_pink	pink_concrete_powder
block	concrete_powder_purple	purple_concrete_powder
block	concrete_powder_red	red_concrete_powder
block	concrete_powder_silver	light_gray_concrete_powder
block	concrete_powder_white	white_concrete_powder
block	concrete_powder_yellow	yellow_concrete_powder
block	concrete_purple	purple_concrete
block	concrete_red	red_concrete
block	concrete_silver	light_gray_concrete
block	concrete_white	white_concrete
block	concrete_yellow	yellow_concrete
block	deadbush	dead_bush
block	dirt_podzol_side	podzol_side
block	dirt_podzol_top	podzol_top
block	dispenser_front_horizontal	dispenser_front
block	door_acacia_lower	acacia_door_bottom
block	door_acacia_upper	acacia_door_top
block	door_birch_lower	birch_door_bottom
block	door_birch_upper	birch_door_top
block	door_dark_oak_lower	dark_oak_door_bottom
block	door_dark_oak_upper	dark_oak_door_top
block	door_iron_lower	iron_door_bottom
block	door_iron_upper	iron_door_top
block	door_jungle_lower	jungle_door_bottom
block	door_jungle_upper	jungle_door_top
block	door_spruce_lower	spruce_door_bottom
block	door_spruce_upper	spruce_door_top
block	door_wood_lower	oak_door_bottom
block	door_wood_upper	oak_door_top
block	double_plant_fern_bottom	large_fern_bottom
block	double_plant_fern_top	large_fern_top
block	double_plant_grass_bottom	tall_grass_bottom
block	double_plant_grass_top	tall_grass_top
block	double_plant_paeonia_bottom	peony_bottom
block	double_plant_paeonia_top	peony_top
block	double_plant_rose_bottom	rose_bush_bottom
block	double_plant_rose_top	rose_bush_top
block	double_plant_sunflower_back	sunflower_back
block	double_plant_sunflower_bottom	sunflower_bottom
block	double_plant_sunflower_front	sunflower_front
block	double_plant_sunflower_top	sunflower_top
block	double_plant_syringa_bottom	lilac_bottom
block	double_plant_syringa_top	lilac_top
block	dropper_front_horizontal	dropper_front
block	end_bricks	end_stone_bricks
block	endframe_eye	end_portal_frame_eye
block	endframe_side	end_portal_frame_side
block	endframe_top	end_portal_frame_top
block	farmland_dry	farmland
block	farmland_wet	farmland_moist
block	fire_layer_0	fire_0
block	fire_layer_1	fire_1
block	flower_allium	allium
block	flower_blue_orchid	blue_orchid
block	flower_dandelion	dandelion
block	flower_houstonia	azure_bluet
block	flower_oxeye_daisy	oxeye_daisy
block	flower_rose	poppy
block	flower_tulip_orange	orange_tulip
block	flower_tulip_pink	pink_tulip
block	flower_tulip_red	red_tulip
block	flower_tulip_white	white_tulip
block	furnace_front_off	furnace_front
block	glass_black	black_stained_glass
block	glass_blue	blue_stained_glass
block	glass_brown	brown_stained_glass
block	glass_cyan	cyan_stained_glass
block	glass_gray	gray_stained_glass
block	glass_green	green_stained_glass
block	glass_light_blue	light_blue_stained_glass
block	glass_lime	lime_stained_glass
block	glass_magenta	magenta_stained_glass
block	glass_orange	orange_stained_glass
block	glass_pane_top_black	black_stained_glass_pane_top
block	glass_pane_top_blue	blue_stained_glass_pane_top
block	glass_pane_top_brown	brown_stained_glass_pane_top
block	glass_pane_top_cyan	cyan_stained_glass_pane_top
block	glass_pane_top_gray	gray_stained_glass_pane_top
block	glass_pane_top_green	green_stained_glass_pane_top
block	glass_pane_top_light_blue	light_blue_stained_glass_pane_top
block	glass_pane_top_lime	lime_stained_glass_pane_top
block	glass_pane_top_magenta	magenta_stained_glass_pane_top
block	glass_pane_top_orange	orange_stained_glass_pane_top
block	glass_pane_top_pink	pink_stained_glass_pane_top
block	glass_pane_top_purple	purple_stained_glass_pane_top
block	glass_pane_top_red	red_stained_glass_pane_top
block	glass_pane_top_silver	light_gray_stained_glass_pane_top
block	glass_pane_top_white	white_stained_glass_pane_top
block	glass_pane_top_yellow	yellow_stained_glass_pane_top
block	glass_pink	pink_stained_glass
block	glass_purple	purple_stained_glass
block	glass_red	red_stained_glass
block	glass_silver	light_gray_stained_glass
block	glass_white	white_stained_glass
block	glass_yellow	yellow_stained_glass
block	glazed_terracotta_black	black_glazed_terracotta
block	glazed_terracotta_blue	blue_glazed_terracotta
block	glazed_terracotta_brown	brown_glazed_terracotta
block	glazed_terracotta_cyan	cyan_glazed_terracotta
block	glazed_terracotta_gray	gray_glazed_terracotta
block	glazed_terracotta_green	green_glazed_terracotta
block	glazed_terracotta_light_blue	light_blue_glazed_terracotta
block	glazed_terracotta_lime	lime_glazed_terracotta
block	glazed_terracotta_magenta	magenta_glazed_terracotta
block	glazed_terracotta_orange	orange_glazed_terracotta
block	glazed_terracotta_pink	pink_glazed_terracotta
block	glazed_terracotta_purple	purple_glazed_terracotta
block	glazed_terracotta_red	red_glazed_terracotta
block	glazed_terracotta_silver	light_gray_glazed_terracotta
block	glazed_terracotta_white	white_glazed_terracotta
block	glazed_terracotta_yellow	yellow_glazed_terracotta
block	grass_side	grass_block_side
block	grass_side_overlay	grass_block_side_overlay
block	grass_side_snowed	grass_block_snow
block	grass_top	grass_block_top
block	hardened_clay	terracotta
block	hardened_clay_stained_black	black_terracotta
block	hardened_clay_stained_blue	blue_terracotta
block	hardened_clay_stained_brown	brown_terracotta
block	hardened_clay_stained_cyan	cyan_terracotta
block	hardened_clay_stained_gray	gray_terracotta
block	hardened_clay_stained_green	green_terracotta
block	hardened_clay_stained_light_blue	light_blue_terracotta
block	hardened_clay_stained_lime	lime_terracotta
block	hardened_clay_stained_magenta	magenta_terracotta
block	hardened_clay_stained_orange	orange_terracotta
block	hardened_clay_stained_pink	pink_terracotta
block	hardened_clay_stained_purple	purple_terracotta
block	hardened_clay_stained_red	red_terracotta
block	hardened_clay_stained_silver	light_gray_terracotta
block	hardened_clay_stained_white	white_terracotta
block	hardened_clay_stained_yellow	yellow_terracotta
block	ice_packed	packed_ice
block	itemframe_background	item_frame
block	leaves_acacia	acacia_leaves
block	leaves_big_oak	dark_oak_leaves
block	leaves_birch	birch_leaves
block	leaves_jungle	jungle_leaves
block	leaves_oak	oak_leaves
block	leaves_spruce	spruce_leaves
block	log_acacia	acacia_log
block	log_acacia_top	acacia_log_top
block	log_big_oak	dark_oak_log
block	log_big_oak_top	dark_oak_log_top
block	log_birch	birch_log
block	log_birch_top	birch_log_top
block	log_jungle	jungle_log
block	log_jungle_top	jungle_log_top
block	log_oak	oak_log
block	log_oak_top	oak_log_top
block	log_spruce	spruce_log
block	log_spruce_top	spruce_log_top
block	mob_spawner	spawner
block	mushroom_block_skin_brown	brown_mushroom_block
block	mushroom_block_skin_red	red_mushroom_block
block	mushroom_block_skin_stem	mushroom_stem
block	mushroom_brown	brown_mushroom
block	mushroom_red	red_mushroom
block	nether_brick	nether_bricks
block	nether_wart_stage_0	nether_wart_stage0
block	nether_wart_stage_1	nether_wart_stage1
block	nether_wart_stage_2	nether_wart_stage2
block	piston_top_normal	piston_top
block	planks_acacia	acacia_planks
block	planks_big_oak	dark_oak_planks
block	planks_birch	birch_planks
block	planks_jungle	jungle_planks
block	planks_oak	oak_planks
block	planks_spruce	spruce_planks
block	portal	nether_portal
block	potatoes_stage_0	potatoes_stage0
block	potatoes_stage_1	potatoes_stage1
block	potatoes_stage_2	potatoes_stage2
block	potatoes_stage_3	potatoes_stage3
block	prismarine_dark	dark_prismarine
block	prismarine_rough	prismarine
block	pumpkin_face_off	carved_pumpkin
block	pumpkin_face_on	jack_o_lantern
block	quartz_block_chiseled	chiseled_quartz_block
block	quartz_block_chiseled_top	chiseled_quartz_block_top
block	quartz_block_lines	quartz_pillar_side
block	quartz_block_lines_top	quartz_pillar_top
block	quartz_ore	nether_quartz_ore
block	rail_activator	activator_rail
block	rail_activator_powered	activator_rail_on
block	rail_detector	detector_rail
block	rail_detector_powered	detector_rail_on
block	rail_golden	powered_rail
block	rail_golden_powered	powered_rail_on
block	rail_normal	rail
block	rail_normal_turned	rail_corner
block	red_nether_brick	red_nether_bricks
block	red_sandstone_carved	chiseled_red_sandstone
block	red_sandstone_normal	red_sandstone
block	red_sandstone_smooth	cut_red_sandstone
block	redstone_lamp_off	redstone_lamp
block	redstone_torch_on	redstone_torch
block	reeds	sugar_cane
block	repeater_off	repeater
block	sandstone_carved	chiseled_sandstone
block	sandstone_normal	sandstone
block	sandstone_smooth	cut_sandstone
block	sapling_acacia	acacia_sapling
block	sapling_birch	birch_sapling
block	sapling_jungle	jungle_sapling
block	sapling_oak	oak_sapling
block	sapling_roofed_oak	dark_oak_sapling
block	sapling_spruce	spruce_sapling
block	shulker_top_black	black_shulker_box
block	shulker_top_blue	blue_shulker_box
block	shulker_top_brown	brown_shulker_box
block	shulker_top_cyan	cyan_shulker_box
block	shulker_top_gray	gray_shulker_box
block	shulker_top_green	green_shulker_box
block	shulker_top_light_blue	light_blue_shulker_box
block	shulker_top_lime	lime_shulker_box
block	shulker_top_magenta	magenta_shulker_box
block	shulker_top_orange	orange_shulker_box
block	shulker_top_pink	pink_shulker_box
block	shulker_top_red	red_shulker_box
block	shulker_top_silver	light_gray_shulker_box
block	shulker_top_white	white_shulker_box
block	shulker_top_yellow	yellow_shulker_box
block	slime	slime_block
block	sponge_wet	wet_sponge
block	stone_andesite	andesite
block	stone_andesite_smooth	polished_andesite
block	stone_diorite	diorite
block	stone_diorite_smooth	polished_diorite
block	stone_granite	granite
block	stone_granite_smooth	polished_granite
block	stonebrick	stone_bricks
block	stonebrick_carved	chiseled_stone_bricks
block	stonebrick_cracked	cracked_stone_bricks
block	stonebrick_mossy	mossy_stone_bricks
block	tallgrass	short_grass
block	torch_on	torch
block	trapdoor	oak_trapdoor
block	trip_wire	tripwire
block	trip_wire_source	tripwire_hook
block	waterlily	lily_pad
block	web	cobweb
block	wheat_stage_0	wheat_stage0
block	wheat_stage_1	wheat_stage1
block	wheat_stage_2	wheat_stage2
block	wheat_stage_3	wheat_stage3
block	wheat_stage_4	wheat_stage4
block	wheat_stage_5	wheat_stage5
block	wheat_stage_6	wheat_stage6
block	wheat_stage_7	wheat_stage7
block	wool_colored_black	black_wool
block	wool_colored_blue	blue_wool
block	wool_colored_brown	brown_wool
block	wool_colored_cyan	cyan_wool
block	wool_colored_gray	gray_wool
block	wool_colored_green	green_wool
block	wool_colored_light_blue	light_blue_wool
block	wool_colored_lime	lime_wool
block	wool_colored_magenta	magenta_wool
block	wool_colored_orange	orange_wool
block	wool_colored_pink	pink_wool
block	wool_colored_purple	purple_wool
block	wool_colored_red	red_wool
block	wool_colored_silver	light_gray_wool
block	wool_colored_white	white_wool
block	wool_colored_yellow	yellow_wool
item	apple_golden	golden_apple
item	beef_cooked	cooked_beef
item	beef_raw	beef
item	book_enchanted	enchanted_book
item	book_normal	book
item	book_writable	writable_book
item	book_written	written_book
item	bow_standby	bow
item	bucket_empty	bucket
item	bucket_lava	lava_bucket
item	bucket_milk	milk_bucket
item	bucket_water	water_bucket
item	carrot_golden	golden_carrot
item	chicken_cooked	cooked_chicken
item	chicken_raw	chicken
item	chorus_fruit_popped	popped_chorus_fruit
item	door_acacia	acacia_door
item	door_birch	birch_door
item	door_dark_oak	dark_oak_door
item	door_iron	iron_door
item	door_jungle	jungle_door
item	door_spruce	spruce_door
item	door_wood	oak_door
item	dye_powder_black	ink_sac
item	dye_powder_blue	lapis_lazuli
item	dye_powder_brown	cocoa_beans
item	dye_powder_cyan	cyan_dye
item	dye_powder_gray	gray_dye
item	dye_powder_green	green_dye
item	dye_powder_light_blue	light_blue_dye
item	dye_powder_lime	lime_dye
item	dye_powder_magenta	magenta_dye
item	dye_powder_orange	orange_dye
item	dye_powder_pink	pink_dye
item	dye_powder_purple	purple_dye
item	dye_powder_red	red_dye
item	dye_powder_silver	light_gray_dye
item	dye_powder_white	bone_meal
item	dye_powder_yellow	yellow_dye
item	fireball	fire_charge
item	fireworks	firework_rocket
item	fireworks_charge	firework_star
item	fireworks_charge_overlay	firework_star_overlay
item	fish_cod_cooked	cooked_cod
item	fish_cod_raw	cod
item	fish_pufferfish_raw	pufferfish
item	fish_salmon_cooked	cooked_salmon
item	fish_salmon_raw	salmon
item	fishing_rod_uncast	fishing_rod
item	gold_axe	golden_axe
item	gold_boots	golden_boots
item	gold_chestplate	golden_chestplate
item	gold_helmet	golden_helmet
item	gold_hoe	golden_hoe
item	gold_horse_armor	golden_horse_armor
item	gold_leggings	golden_leggings
item	gold_pickaxe	golden_pickaxe
item	gold_shovel	golden_shovel
item	gold_sword	golden_sword
item	map_empty	map
item	map_filled	filled_map
item	map_filled_markings	filled_map_markings
item	melon	melon_slice
item	melon_speckled	glistering_melon_slice
item	minecart_chest	chest_minecart
item	minecart_command_block	command_block_minecart
item	minecart_furnace	furnace_minecart
item	minecart_hopper	hopper_minecart
item	minecart_normal	minecart
item	minecart_tnt	tnt_minecart
item	mutton_cooked	cooked_mutton
item	mutton_raw	mutton
item	netherbrick	nether_brick
item	porkchop_cooked	cooked_porkchop
item	porkchop_raw	porkchop
item	potato_baked	baked_potato
item	potato_poisonous	poisonous_potato
item	potion_bottle_empty	glass_bottle
item	potion_bottle_lingering	lingering_potion
item	potion_bottle_splash	splash_potion
item	rabbit_cooked	cooked_rabbit
item	rabbit_raw	rabbit
item	record_11	music_disc_11
item	record_13	music_disc_13
item	record_blocks	music_disc_blocks
item	record_cat	music_disc_cat
item	record_chirp	music_disc_chirp
item	record_far	music_disc_far
item	record_mall	music_disc_mall
item	record_mellohi	music_disc_mellohi
item	record_stal	music_disc_stal
item	record_strad	music_disc_strad
item	record_wait	music_disc_wait
item	record_ward	music_disc_ward
item	redstone_dust	redstone
item	reeds	sugar_cane
item	seeds_melon	melon_seeds
item	seeds_pumpkin	pumpkin_seeds
item	seeds_wheat	wheat_seeds
item	slimeball	slime_ball
item	spider_eye_fermented	fermented_spider_eye
item	totem	totem_of_undying
item	wood_axe	wooden_axe
item	wood_hoe	wooden_hoe
item	wood_pickaxe	wooden_pickaxe
item	wood_shovel	wooden_shovel
item	wood_sword	wooden_sword
item	wooden_armorstand	armor_stand
